{
  "subset_id": "ETTh1",
  "dataset_name": "ETTh1",
  "variate_indices": [
    0,
    1,
    2,
    3,
    4,
    5,
    6
  ],
  "variate_names": [
    "HUFL",
    "HULL",
    "MUFL",
    "MULL",
    "LUFL",
    "LULL",
    "OT"
  ],
  "norm_mean": [
    [
      7.375141143798828,
      2.2422423362731934,
      4.300239086151123,
      0.8815677762031555,
      3.0660617351531982,
      0.8569321632385254,
      13.324671745300293
    ]
  ],
  "norm_std": [
    [
      7.067541122436523,
      2.042283535003662,
      6.8267822265625,
      1.809241533279419,
      1.1644724607467651,
      0.5995346307754517,
      8.566699981689453
    ]
  ],
  "tuned_params": {
    "learning_rate": 5.611516415334504e-06,
    "batch_size": 16
  }
}