{
  "subset_id": "ETTh1",
  "dataset": "ETTh1",
  "variate_indices": [
    0,
    1,
    2,
    3,
    4,
    5,
    6
  ],
  "train_metrics": {
    "best_val_loss": 1.418642520904541,
    "final_epoch": 1,
    "tuned_params": {
      "learning_rate": 5.611516415334504e-06,
      "batch_size": 16
    }
  },
  "eval_metrics": {
    "single": {
      "mse": 1.0483593940734863,
      "mae": 0.7518764734268188,
      "trend_accuracy": 0.5210526585578918
    },
    "averaged": {
      "mse": 1.0480732917785645,
      "mae": 0.7541990280151367,
      "trend_accuracy": 0.530075192451477
    }
  },
  "evaluated_at": "2026-02-10T18:25:00.888465"
}