subset_id,dataset,best_val_loss,single_mse,single_mae,avg_mse,avg_mae
ETTh1,ETTh1,1.418642520904541,1.0483593940734863,0.7518764734268188,1.0480732917785645,0.7541990280151367
